{
  "total_samples": 34,
  "evaluated_samples": 34,
  "skipped_structural_invalid": 0,
  "mean_rouge_l_score": 0.057092034092060436,
  "sll_scores": [
    0.028985507246376812,
    0.06896551724137932,
    0.0851063829787234,
    0.0,
    0.0,
    0.0,
    0.020833333333333332,
    0.041666666666666664,
    0.08695652173913043,
    0.061538461538461535,
    0.08888888888888889,
    0.0,
    0.125,
    0.06451612903225806,
    0.0,
    0.06896551724137931,
    0.06896551724137931,
    0.06896551724137931,
    0.06896551724137931,
    0.07142857142857142,
    0.046511627906976744,
    0.09523809523809525,
    0.09523809523809525,
    0.07692307692307691,
    0.08333333333333333,
    0.0392156862745098,
    0.07692307692307691,
    0.0,
    0.09638554216867469,
    0.06896551724137931,
    0.0,
    0.0,
    0.11764705882352942,
    0.12500000000000003
  ]
}